[
  { "name": "БГ Футбол", "id": 1, "cat_id": 0, "url": "/bg-football" },
  { "name": "Футбол Свят", "id": 2, "cat_id": 0 },
  { "name": "Баскетбол", "id": 3, "cat_id": 0 },
  { "name": "Моторни", "id": 4, "cat_id": 0 },
  { "name": "Още спорт", "id": 5, "cat_id": 0 },
  { "name": "Домът на футбола", "id": 11, "cat_id": 1, "url": "/domat-na-futbola"},
  { "name": "Преди кръга", "id": 12, "cat_id": 1 },
  { "name": "Героите на кръга", "id": 13, "cat_id": 1 },
  { "name": "Головете на кръга", "id": 14, "cat_id": 1 },
  { "name": "Обзор на кръга: Ефбет Лига", "id": 15, "cat_id": 1 },
  { "name": "Обзор на кръга: Втора Лига", "id": 16, "cat_id": 1 },
  { "name": "Премиер Лийг токшоу", "id": 210, "cat_id": 2 },
  { "name": "Преди кръга във Висшата лига", "id": 211, "cat_id": 2 },
  { "name": "Истории от Висшата лига", "id": 212, "cat_id": 2 },
  { "name": "Голямото интервю", "id": 213, "cat_id": 2 },
  { "name": "Да скъсаш мрежата", "id": 214, "cat_id": 2 },
  { "name": "Обзор на кръга във Висшата лига", "id": 215, "cat_id": 2 },
  { "name": "Бундеслига токшоу", "id": 221, "cat_id": 2 },
  { "name": "Седмично в Бундеслигата", "id": 222, "cat_id": 2 },
  { "name": "Обзор на кръга в Бундеслигата", "id": 223, "cat_id": 2 },
  { "name": "Обзор на кръга във Втора Бундеслига", "id": 224, "cat_id": 2 },
  { "name": "Преди кръга в Лига 1", "id": 231, "cat_id": 2 },
  { "name": "Обзор на кръга в Лига 1", "id": 232, "cat_id": 2 },
  { "name": "НБА Екшън", "id": 31, "cat_id": 3 },
  { "name": "Пета четвърт", "id": 32, "cat_id": 3 },
  { "name": "Формула 1 Токшоу", "id": 32, "cat_id": 4 },
  { "name": "Обзор на Формула 1", "id": 32, "cat_id": 4 },
  { "name": "Формула 1 Екстра", "id": 32, "cat_id": 4 },
  { "name": "Спортни новини на Нова", "id": 41, "cat_id": 5 }
]