<?xml version="1.0" encoding="UTF-8" standalone="yes"?>
<addon id="plugin.video.seirsanduk.r1" name="SEIRSANDUK R1" version="4.0" provider-name="zynobg [at] gmail.com">
  <requires>
    <import addon="xbmc.python" version="2.14.0"/>
    <import addon="script.module.xbmcswift2" version="2.5.1"/>
  </requires>
  <extension point="xbmc.python.pluginsource" library="addon.py">
    <provides>video</provides>
  </extension>
  <extension point="xbmc.addon.metadata">
   <platform>all</platform>
    <license>GNU GENERAL PUBLIC LICENSE. Version 3</license>
   <summary lang="en"></summary>
   <language>en</language>
   <description lang="en">www.SEIRSANDUK.com</description>
   <disclaimer lang="en">www.SEIRSANDUK.com</disclaimer>
   <website>www.SEIRSANDUK.com</website>
   <platform>all</platform>
   <source>https://github.com/zinobg/plugin.video.seirsanduk.r1</source>
  </extension>
</addon>
