<?xml version="1.0" encoding="UTF-8" standalone="yes"?>
<addon id="plugin.video.bgtvon" name="BGTV-ON" version="4.2.3" provider-name="zinobg [at] gmail.com">
  <requires>
    <import addon="xbmc.python" version="2.14.0" />
    <import addon="script.module.xbmcswift2" version="1.1.1" />
  </requires>
  <extension point="xbmc.python.pluginsource" library="addon.py">
    <provides>video</provides>
  </extension>
  <extension point="xbmc.addon.metadata">
    <platform>all</platform>
    <license>GPL-3.0</license>
    <language>en</language>
    <summary lang="en_GB">Video plugin for bgtv-on.com http://www.bgtv-on.com/.</summary>
    <description lang="en_GB">This plugin provides access to tv streams from http://www.bgtv-on.com/.
Note: http://www.bgtv-on.com/ account is required.</description>
    <disclaimer lang="en_GB">You have to sign up and pay to access http://www.bgtv-on.com/ TV streams.</disclaimer>
    <email>zinobg@gmail.com</email>
    <website>http://www.bgtv-on.com/</website>
    <source>https://github.com/zinobg/plugin.video.bgtvon</source>
    <news>v4.2.2 (02/03/2020)
      [new] The plugin is re-written using xbmcswift2 plugin, which provides some new features. 
      [fix] Some fixes into addon.xml file.
    </news>
    <assets>
      <icon>resources/png/icon.png</icon>
      <fanart>resources/png/fanart.jpg</fanart>
      <banner></banner>
      <clearlogo></clearlogo>
      <screenshot></screenshot>
    </assets>
  </extension>
</addon>