<?xml version="1.0" encoding="UTF-8" standalone="yes" ?>
<addon id="plugin.video.free.bgtvs" name="[COLOR white]БГ[/COLOR] [COLOR green]Тиви[/COLOR] [COLOR red]Радио[/COLOR]" version="4.0.8" provider-name="HarryDoubleG">
  <requires>
  	<import addon="xbmc.python" version="3.0.0"/>
    <import addon="script.module.garepobg" version="0.1.5"/>
    <import addon="script.module.kodibgcommon" version="1.0.10"/>
  </requires>
  <extension point="xbmc.python.pluginsource" library="addon.py">
  	<provides>video</provides>
  </extension>
  <extension point="xbmc.addon.metadata">
  	<summary lang="bg">Приставка за гледане на безплатните български телевизионни канали</summary>
  	<summary lang="en">Addon for watching free bulgarian TV channels</summary>
	<description lang="bg">Приставка за гледане на безплатни български телевизионни канали.</description>
	<description lang="en">Addon for watching free bulgarian TV channels</description>
  	<disclaimer lang="bg">Някои елементи на тази приставка, може да нямат уредени авторски права в България. Името, логото, интернет адресите са собственост на телевизионните компании. Приставката се разпространява под GPL2 лиценз.</disclaimer>
  	<disclaimer lang="en">Some parts of this addon may not be legal in your country of residence - please check with your local laws before installing.</disclaimer>
  	<language>Bulgarian</language>
  	<platform>all</platform>
  	<forum>https://kodibg.org/forum/thread-1.html</forum>
  	<website>https://github.com/harrygg/plugin.video.free.bgtvs/</website>
  	<email>harrygg@gmail.com</email>
	<assets>
		<icon>resources/icon.png</icon>
		<fanart>resources/fanart.jpg</fanart>
		<screenshot>resources/screenshot-01.jpg</screenshot>
		<screenshot>resources/screenshot-02.jpg</screenshot>
		<screenshot>resources/screenshot-03.jpg</screenshot>
	</assets>
	<news>v4.0.7 (01/02/2024)
      [new] Оправено е извличането на видео потока за канал БНТ
    </news>
  </extension>
</addon>
