<?xml version="1.0" encoding="UTF-8" standalone="yes" ?>
<addon id="plugin.video.voyobg" name="Voyo Player (Само ТВ Канали и Спорт)" version="1.0.1" provider-name="HarryDoubleG">
  <requires>
  	<import addon="xbmc.python" version="2.14.0"/>
		<import addon="script.module.requests" />
    <import addon="script.module.kodibgcommon" version="1.0.0"/>
    <import addon="script.module.garepobg" version="0.1.4"/>
    <!-- <import addon="inputstream.adaptive" version="2.1.0"/> -->
  </requires>
  <extension point="xbmc.python.pluginsource" library="addon.py">
  	<provides>video</provides>
  </extension>
  <extension point="xbmc.addon.metadata">
  	<summary lang="bg">Добавка за гледане на съдържание на живо от сайта voyo.bg</summary>
  	<summary lang="en">Addon for watching live events from voyo.bg</summary>
	<description lang="bg">Добавката изисква активен акаунт и платен абонамент от Войо.бг.</description>
	<description lang="en">The addon requires an active account and paid subscription at Voyo.bg</description>  	
  	<language>bg,en</language>
  	<platform>all</platform>
  	<forum>http://kodibg.org/forum</forum>
  	<website>http://kodibg.org/forum</website>
  	<email>harrygg@gmail.com</email>
  </extension>
</addon>
