<?xml version="1.0" encoding="UTF-8" standalone="yes"?>
<addon id="plugin.video.bgtvon" name="BGTV-ON" version="4.1" provider-name="zinobg [at] gmail.com">
  <requires>
    <import addon="xbmc.python" version="2.1.0" />
	<import addon="script.module.xbmcswift2" version="1.1.1" />
  </requires>
  <extension point="xbmc.python.pluginsource" library="addon.py">
    <provides>video</provides>
  </extension>
  <extension point="xbmc.addon.metadata">
    <platform>all</platform>
	<license>GNU GENERAL PUBLIC LICENSE. Version 3</license>
    <language>en</language>
    <summary lang="en">Video plugin for bgtv-on.com http://www.bgtv-on.com/.</summary>
    <description lang="en">This plugin provides access to tv streams from http://www.bgtv-on.com/.
Note: http://www.bgtv-on.com/ account is required.</description>   
    <disclaimer lang="en">You have to sign up and pay to access http://www.bgtv-on.com/ TV streams.</disclaimer>
    <website>http://www.bgtv-on.com/</website>
    <source>https://github.com/zinobg/plugin.video.bgtvon</source>
    <email></email>
  </extension>
</addon>