<?xml version="1.0" encoding="UTF-8" standalone="yes" ?>
<addon id="plugin.video.hbogobg" name="HBO GO Bulgaria" version="0.4.3" provider-name="RESU OBH">
  <requires>
    <import addon="xbmc.python" version="2.25.0"/>
    <import addon="inputstream.adaptive" version="2.1.0"/>
  </requires>
  <extension point="xbmc.python.pluginsource" library="addon.py">
  	<provides>video</provides>
  </extension>
  <extension point="xbmc.addon.metadata">
  	<summary lang="bg">HBO GO. Това е HBO. Навсякъде.</summary>
  	<description lang="bg">Гледайте хитови филми и сериали, HBO оригинални продукции, документални заглавия, концерти и още на вашето Коди устройство! Абонаментна услуга, ЕКСКЛУЗИВНО за HBO абонати на следните оператори: Blizoo, HBO GO Vip/Club Bulgaria, M SAT CABLE EAD, Mtel, N3, NET1, NetSurf, NetWorx, Silistra TV, Telekabel, Telenor, Vivacom. Код за регистрация/клиентски номер ще получите от вашия телеком оператор.</description>
  	<disclaimer lang="bg">Това не е официална приставка! Ако официално приложение е достъпно за вашата платформа, използвайте него вместо тази приставка. Всички права върху съдържанието са запазени от HBO® Europe.</disclaimer>
  	<language>bg</language>
  	<platform>all</platform>
  	<forum>https://kodibg.org/forum/</forum>
  	<website>https://www.hbogo.bg</website>
  	<news>първа публична версия</news>
  	<assets>
	   <icon>resources/icon.png</icon>
       <fanart>resources/fanart.jpg</fanart>
       <screenshot>resources/screenshot-01.jpg</screenshot>
       <screenshot>resources/screenshot-02.jpg</screenshot>
       <screenshot>resources/screenshot-03.jpg</screenshot>
       <screenshot>resources/screenshot-04.jpg</screenshot>
	</assets>
  </extension>
</addon>
