<?xml version="1.0" encoding="UTF-8" standalone="yes"?>
<addon id="plugin.video.bntbg" name="БНТ" version="2.1.0" provider-name="BatVani">
  <requires>
    <import addon="xbmc.python" version="2.1.0"/>
		<import addon="script.module.beautifulsoup4" version="4.3.2"/>
		<import addon="script.module.html5lib" version="0.999.0"/>
    <import addon="script.module.requests" />
    <import addon="script.module.kodibgcommon" version="1.0.0"/>
  </requires>
  <extension point="xbmc.python.pluginsource" library="addon.py">
    <provides>video</provides>
  </extension>
  <extension point="xbmc.addon.metadata">
  	<summary lang="bg">Приставка за гледане на видео от bnt.bg</summary>
    <platform>all</platform>
    <language>bg</language>
    <description>Kodi addon for BNT</description>
    <assets>
	    <icon>recources/icon.png</icon>
      <screenshot>recources/screenshot_1.png</screenshot>
	  </assets>
  </extension>
</addon>
