{
  "БНТ 1 HD": {
    "group-title": "BG"
  },
  "bTV HD" : {
    "group-title": "BG"
  },
  "Нова HD" : {
    "group-title": "BG"
  },
  "Евроком HD" : {
    "group-title": "BG"
  },
  "Bulgaria on Air" : {
    "group-title": "BG"
  },  
  "Diema Sport HD" : {
    "group-title": "Sport"
  },
  "Diema Sport 2 HD" : {
    "group-title": "Sport"
  },
  "Diema Sport 3 HD" : {
    "group-title": "Sport"
  },
  "Max Sport 1 HD" : {
    "group-title": "Sport"
  },
  "Max Sport 2 HD" : {
    "group-title": "Sport"
  },
  "Max Sport 3 HD" : {
    "group-title": "Sport"
  },
  "Max Sport 4 HD" : {
    "group-title": "Sport"
  },
  "bTV Action HD" : {
    "group-title": "Sport"
  },
  "RING BG HD" : {
    "group-title": "Sport"
  },
  "Eurosport HD" : {
    "group-title": "Sport"
  },
  "Eurosport 2 HD" : {
    "group-title": "Sport"
  },
  "Sportal HD" : {
    "group-title": "Sport"
  },
  "Viasat History HD" : {
    "group-title": "BG"
  },
  "Viasat Explore HD" : {
    "group-title": "BG"
  },
  "Travel Channel HD" : {
    "group-title": "BG"
  },
  "NatGeo HD" : {
    "group-title": "BG"
  },
  "NatGeo Wild HD" : {
    "group-title": "BG"
  },
  "Discovery HD" : {
    "group-title": "BG"
  },
  "HBO HD" : {
    "group-title": "Movies"
  },
  "HBO 2 HD" : {
    "group-title": "Movies"
  },
  "HBO 3 HD" : {
    "group-title": "Movies"
  },
  "Moviestar HD" : {
    "group-title": "Movies"
  },
  "bTV Cinema HD" : {
    "group-title": "Movies"
  },
  "KinoNova" : {
    "group-title": "Movies"
  },
  "AXN" : {
    "group-title": "Movies"
  },
  "AXN White" : {
    "group-title": "Movies"
  },
  "AXN Black" : {
    "group-title": "Movies"
  },
  "Cinemania HD" : {
    "group-title": "Movies"
  },
  "Nostalgia HD" : {
    "group-title": "Movies"
  },
  "Epic Drama HD" : {
    "group-title": "Movies"
  },
  "FOX HD" : {
    "group-title": "Movies"
  },
  "FOX Crime HD" : {
    "group-title": "Movies"
  },
  "FOX Life HD" : {
    "group-title": "Movies"
  }
}