<?xml version="1.0" encoding="UTF-8" standalone="yes"?>
<addon id="plugin.video.bgtvon" name="BGTV-ON" version="6.1.0" provider-name="zinobg [at] gmail.com">
  <requires>
    <import addon="xbmc.python" version="3.0.0"/>  
  </requires>
  <extension point="xbmc.python.pluginsource" library="addon.py">
    <provides>video</provides>
  </extension>
  <extension point="xbmc.addon.metadata">
    <platform>all</platform>
    <license>GPL-3.0</license>
    <language>en</language>
    <summary lang="en_GB">Video plugin for bgtv-on.com http://www.bgtv-on.com/.</summary>
    <description lang="en_GB">This plugin provides access to tv streams from http://www.bgtv-on.com/.
Note: http://www.bgtv-on.com/ account is required.</description>
    <disclaimer lang="en_GB">You have to sign up and pay to access http://www.bgtv-on.com/ TV streams.</disclaimer>
    <email>zinobg@gmail.com</email>
    <website>http://www.bgtv-on.com/</website>
    <source>https://github.com/zinobg/plugin.video.bgtvon</source>
   <news>v4.2.2 (02/03/2020)
      		[new] The plugin is re-written using xbmcswift2 plugin, which provides some new features.
			[fix] Some fixes into addon.xml file.
		  v4.2.3 (10/03/2020)
			[new] added contextmenu() on the place of select(), for the newer versions of Kodi. Older version will still work with select()
		  v4.2.4 (12/03/2020)
			[fix] Small bugfixes
		  v5.0.0 (TBD)
			[new] TBD
		  v5.0.1 (bugfix)
		    [fix] a problem with the first login is fixed
          v5.0.2 (fix)
            [fix] the problem with recorded videos
          v6.1.0
            [new] Python3 compatible
    </news>
    <assets>
      <icon>resources/png/icon.png</icon>
      <fanart>resources/png/fanart.jpg</fanart>
      <banner></banner>
      <clearlogo></clearlogo>
      <screenshot></screenshot>
    </assets>
  </extension>
</addon>
