<?xml version="1.0" encoding="UTF-8" standalone="yes"?>
<addon id="service.subtitles.modedbg"
       name="[B]B[/B]ulgarian [B]Subs[/B]"
       version="0.0.9"
       provider-name="kodi1 moded by Johnie">
  <requires>
    <import addon="xbmc.python" version="2.1.0"/>
    <import addon="script.module.beautifulsoup4" version="4.3.2"/>
    <import addon="script.module.requests" version="1.1.0"/>
    <import addon="script.module.html5lib" version="0.999.0" optional="false"/>
    <import addon="script.module.simplejson" version="3.3.0"/>
  </requires>
  <extension point="xbmc.subtitle.module"
             library="service.py" />
  <extension point="xbmc.addon.metadata">
    <summary lang="en">Bulgarian Subtitle Service</summary>
    <description lang="en">Subtitles from subs.sab.bz and subsunacs.net and yavka.net and bukvi.bg and easternspirit.org</description>
    <language>en</language>
    <platform>all</platform>
    <forum>http://forum.kodi.tv/showthread.php?tid=195322</forum>
    <website>http://forum.kodi.tv/showthread.php?tid=195322</website>
    <email></email>
    </extension>
</addon>
