<?xml version="1.0" encoding="UTF-8" standalone="yes" ?>
<addon id="plugin.video.free.bgtvs" name="[COLOR white]Free[/COLOR] [COLOR darkgreen]BG [/COLOR] [COLOR red]TVs[/COLOR]" version="2.3.4" provider-name="HarryGG">
  <requires>
  	<import addon="xbmc.python" version="2.14.0"/>
    <import addon="script.module.garepobg" version="0.1.4"/>
  </requires>
  <extension point="xbmc.python.pluginsource" library="addon.py">
  	<provides>video</provides>
  </extension>
  <extension point="xbmc.addon.metadata">
  	<summary lang="bg">Приставка за гледане на безплатните български телевизионни канали</summary>
  	<summary lang="en">Addon for watching the free bulgarian TV channels</summary>
	<description lang="bg">Приставка за гледане на безплатните български телевизионни канали.</description>
	<description lang="en">Addon for watching the free bulgarian TV channels</description>
  	<disclaimer lang="bg">Някои елементи на тази приставка, може да нямат уредени авторски права в България. Името, логото, интернет адресите са собственост на телевизионните компании. Приставката се разпространява под GPL2 лиценз.</disclaimer>
  	<disclaimer lang="en">Some parts of this addon may not be legal in your country of residence - please check with your local laws before installing.</disclaimer>
  	<language>Bulgarian</language>
  	<platform>all</platform>
  	<forum>https://kodibg.org/forum/thread-1.html</forum>
  	<website>https://github.com/harrygg/plugin.video.free.bgtvs/</website>
  	<email>harrygg@gmail.com</email>
  </extension>
</addon>