<?xml version="1.0" encoding="UTF-8" standalone="yes"?>
<addon id="service.screensaver.hooks" name="Screensaver Hooks" version="0.0.1k" provider-name="kodi1">
  <requires>
    <import addon="xbmc.python" version="3.0.0"/>
    <import addon="script.module.garepobg" version="0.1.0"/>
  </requires>
  <extension point="xbmc.service" library="service.py" start="start" />
  <extension point="xbmc.addon.metadata">
    <summary>Execute custom script on screensaver activation / deactivation.</summary>
    <description lang="en">Initial version.</description>
    <disclaimer lang="en">I'm not responsible for any possible damage done to your devices.</disclaimer>
    <language>en</language>
    <platform>all</platform>
    <forum>http://forum.kodi.tv/showthread.php?tid=195322</forum>
    <website>https://github.com/kodi1/service.screensaver.hooks</website>
  </extension>
</addon>
