<?xml version="1.0" encoding="UTF-8" standalone="yes"?>
<addon id="plugin.video.gongplayer" name="Gong Player" version="1.0.1" provider-name="HarryDoubleG">
  <requires>
    <import addon="xbmc.python" version="3.0.0"/>
    <import addon="script.module.beautifulsoup4" version="4.8.2"/>
    <import addon="script.module.html5lib" version="1.0.1"/>
    <import addon="script.module.requests" version="2.25.1"/>
    <import addon="script.module.kodibgcommon" version="1.0.11"/>
    <import addon="inputstream.adaptive" version="19.0.7"/>
  </requires>
  <extension point="xbmc.python.pluginsource" library="addon.py">
    <provides>video</provides>
  </extension>
  <extension point="xbmc.addon.metadata">
    <platform>all</platform>
    <language>bg</language>
    <summary lang="en">This Kodi Add-on provides a minimal interface for watching video content from gong.bg/player</summary>
	<summary lang="bg">Kodi приставка за гледане на видео съдържание от сайта gong.bg/player</summary>
    <description lang="en">This Kodi Add-on provides a minimal interface for watching video content from gong.bg/player</description>
    <description lang="bg">Приставка за гледане на видео съдържание от сайта gong.bg/player</description>
    <forum>https://kodibg.org/forum/thread-1639-post-22225.html</forum>
    <website>https://github.com/harrygg/plugin.video.gongplayer</website>
	<assets>
		<icon>resources/icon.png</icon>
		<fanart>resources/fanart.jpg</fanart>
		<fanart>screenshot/screenshot-01.jpg</fanart>
	</assets>
	<news>v1.0.1 (11/03/2024)
      [done] Добавена поддръжка за Коди 19! Минимум inputstream.adaptive 19.0.7
	  v1.0.0 (10/03/2024)
      [done] Първа работеща версия!
    </news>
  </extension>
  <reuselanguageinvoker>true</reuselanguageinvoker>
</addon>
