<?xml version="1.0" encoding="UTF-8" standalone="yes" ?>
<addon id="plugin.video.brigada" name="BRIGADA" version="0.19.3.31" provider-name="Majide">
  <requires>
  	<import addon="xbmc.python" version="3.0.0"/>
	<import addon="plugin.video.youtube"/>
	<import addon="plugin.video.vimeo"/>
    <import addon="script.module.urlresolver"/>
  </requires>
  <extension point="xbmc.python.pluginsource" library="addon.py">
  	<provides>video</provides>
  </extension>
  <extension point="xbmc.addon.metadata">
  	<summary lang="bg">Български филми и сериали</summary>
  	<summary lang="en">Bulgarian movies and TV shows</summary>
  	<description lang="bg">Приставка за гледане на свободнo достъпните онлайн български филми (класически и модерни).</description>
  	<description lang="en">Addon for free viewing online Bulgarian movies (classical and modern).</description>
  	<disclaimer lang="bg">Ако забележите материали-обект на неуредени авторски права, сигнализирайте собствениците на сайта в който те са публикувани! Приставката се разпространява под GPL2 лиценз.</disclaimer>
  	<disclaimer lang="en">If you notice materials-object outstanding copyright, alert the site owners in which they are published! The addon is licensed under the GPL2 license.</disclaimer>
  	<language>bg</language>
  	<platform>all</platform>
    <license>GNU GENERAL PUBLIC LICENSE. Version 2, June 1991</license>
  	<forum>https://kodibg.org/forum/thread-10.html</forum>
  	<news>Най-българската приставка за филми е освободена от оковите на python2 и вече е налична за Коди 19 и следващи версии. Приставката е преродена и се връща към корените си - там откъдето започна възстанието срещу консервативните плеъри и се отвориха очите на хората към възможностите на XBOX MEDIA CENTER>> https://www.youtube.com/watch?v=_AXjqus1r40</news>
	<assets>
	   <icon>resources/icon.png</icon>
       <fanart>resources/fanart.jpg</fanart>
       <screenshot>resources/screenshot-01.jpg</screenshot>
	</assets>
  </extension>
</addon>
