<?xml version="1.0" encoding="UTF-8" standalone="yes" ?>
<addon id="plugin.video.tvbulsatcomv2" name="[COLOR orange]TV[/COLOR] [COLOR red]BULSATCOM[/COLOR] V2" version="2.0.1" provider-name="Johnie">
  <requires>
  	<import addon="xbmc.python" version="2.1.0"/>
  </requires>
  <extension point="xbmc.python.pluginsource" library="addon.py">
  	<provides>video</provides>
  </extension>
  <extension point="xbmc.addon.metadata">
  	<summary lang="bg">ТЕЛЕВИЗИЯ Булсатком</summary>
    <description lang="en">[B][COLOR red]Before use, set your account in the addon settings[/B][/COLOR] FUSION of Bulsatcom is a VOD service of the famous Bulgarian telecom operator. The service is subscribtion based and requires a paid monthly fee for satellite TV or IPTV.</description>
  	<description lang="bg">[B][COLOR red]Преди употреба, въведете акаунта си в настройките![/B][/COLOR] FUSION на Булсатком е VOD услуга на известния български телеком оператор. Услугата е абонаментна и изисква платена месечна такса за сателитна или IP телевизия.</description>
    <disclaimer lang="en">This is not an official addon! If the official APP is available for your platform,
use it instead of this addon. All rights on content are reserved by Bulsatcom.</disclaimer>
  	<disclaimer lang="bg">Това не е официална приставка! Ако официално приложение е достъпно за вашата платформа, използвайте него вместо тази приставка. Всички права върху съдържанието са запазени от Булсатком.</disclaimer>
  	<language>bg</language>
  	<platform>all</platform>
  	<forum>https://kodibg.org/forum/thread-565.html</forum>
  	<website>http://bulsat.com</website>
  	<news>Първа публична версия</news>
  	<assets>
	   <icon>resources/icon.png</icon>
       <fanart>resources/fanart.jpg</fanart>
       <screenshot>resources/screenshot-01.jpg</screenshot>
       <screenshot>resources/screenshot-02.jpg</screenshot>
       <screenshot>resources/screenshot-03.jpg</screenshot>
	</assets>
  </extension>
</addon>
