<?xml version="1.0" encoding="UTF-8" standalone="yes" ?>
<addon id="plugin.video.sweettv" name="Sweet TV" version="0.1.13" provider-name="david.hazi">
    <requires>
        <import addon="script.module.routing" />
        <import addon="script.module.requests" />
        <import addon="script.module.iso8601" version="0.1.11" />
        <import addon="script.module.inputstreamhelper" version="0.3.3"/>
        <import addon="script.module.six" />
    </requires>
    <extension point="xbmc.python.pluginsource" library="main.py">
        <provides>video</provides>
    </extension>
    <extension point="xbmc.service" library="service.py" start="login" />
    <extension point="xbmc.addon.metadata">
        <description>Sweet TV</description>
        <disclaimer></disclaimer>
        <summary>Sweet TV</summary>
        <language>en</language>
        <platform>all</platform>
        <license>GNU GENERAL PUBLIC LICENSE. Version 2, June 1991</license>
        <website></website>
        <assets>
            <icon>icon.png</icon>
            <fanart>fanart.jpg</fanart>
        </assets>
    </extension>
</addon>
