{
	"Kanal 3": "Канал 3",
	"Planeta Folk": "Планета Фолк",
	"Planeta HD": "Планета HD",
	"Planeta": "Планета",
	"DW": "Deutsche Welle",
	"DocuBox HD": "DocuBox",
	"RING HD": "RING BG",
	"Da Vinci": "Da Vinci Learning",
	"Discovery": "Discovery Channel",
	"Kino Nova": "KinoNova",
	"Nova Sport HD": "Nova Sport",
	"FightBox HD": "FightBox",
	"Evrokom": "Евроком",
	"MovieSTAR": "Movie Star",
	"Disney": "Disney Channel",
	"Eurosport 1": "Eurosport",
	"Euronews": "Euronews HD",
	"English Club TV": "English Club",
	"AMS": "Auto Motor Sport",
	"CN": "Cartoon Network / TCM",
	"Fast and Fun HD": "Fast and Fun",
	"EKids": "eKids",
	"VIVACOM Arena HD": "Vivacom Arena",
	"NG Wild HD": "NatGeo Wild",
	"Nat Geo HD": "National Geographic",
	"Travel channel": "Travel Ch. HD",
	"WNESS HD": "Wness",
	"FOX HD": "FOX",
	"Bulgaria On Air": "Bulgaria on Air",
	"BiT": "BIT",
	"Russia 24": "Россия 24",
	"Nick Junior": "Nick Jr.",
	"NTV Mir": "НТВ Мир",
	"Ribalka i Ohota": "Охота и рыбалка",
	"CNN": "CNN International",
	"bTV HD": "bTV",
	"bTV Comedy HD": "bTV Comedy",
	"bTV Cinema HD": "bTV Cinema",
	"bTV Action HD": "bTV Action",
	"bTV Lady HD": "bTV Lady",
	"ТВ Европа": "ТВ Европа",
	"BNT 1 HD": "БНТ 1",
	"BNT 2": "БНТ 2",
	"BNT 3 HD": "БНТ 3",
	"BNT 4": "БНТ 4",
	"Hustler": "Hustler TV",
	"Epic Drama HD": "Epic Drama",
	"Epic Drama HD ": "Epic Drama",
  "MAX Sport 1 HD": "MAX Sport 1",
  "MAX Sport 2 HD": "MAX Sport 2",
  "MAX Sport 3 HD": "MAX Sport 3",
  "MAX Sport 4 HD": "MAX Sport 4",
  "Filmbox Plus": "FilmBox Plus",
  "Filmbox Extra": "FilmBox Extra HD",
  "Filmbox Arthouse": "FilmBox Arthouse"
}